어휘,품사,전체 빈도
없,형용사,211
우주,일반명사,157
있,동사,139
안,일반명사,128
되,동사,125
있,형용사,104
시간,일반명사,102
존재,일반명사,100
빛,일반명사,100
자리,일반명사,97
같,형용사,94
계산,일반명사,93
보이,동사,91
언어,일반명사,90
보,동사,84
인간,일반명사,83
순간,일반명사,82
가능,일반명사,80
세계,일반명사,80
전자,일반명사,77
자신,일반명사,76
상태,일반명사,76
때,일반명사,75
입자,일반명사,75
자연,일반명사,72
만들,동사,71
위,일반명사,67
에너지,일반명사,67
질서,일반명사,66
수학,일반명사,64
구조,일반명사,64
공간,일반명사,62
물리학,일반명사,62
속,일반명사,61
힘,일반명사,59
질문,일반명사,58
자체,일반명사,58
결과,일반명사,58
사실,일반명사,57
이론,일반명사,57
물질,일반명사,56
다르,형용사,55
시작,일반명사,55
양자,일반명사,55
말,일반명사,55
정보,일반명사,53
뇌,일반명사,53
방향,일반명사,52
물리,일반명사,51
끝,일반명사,50
알,동사,50
전,일반명사,48
법칙,일반명사,47
길,일반명사,47
따르,동사,47
결정,일반명사,47
원자,일반명사,46
대칭,일반명사,45
측정,일반명사,45
생명,일반명사,45
서,동사,44
하,동사,44
남,동사,44
실험,일반명사,42
부르,동사,42
설명,일반명사,42
속도,일반명사,42
증명,일반명사,41
파동,일반명사,40
사라지,동사,40
경로,일반명사,40
앞,일반명사,39
일,일반명사,39
중력,일반명사,38
역학,일반명사,38
사이,일반명사,38
나타나,동사,37
체계,일반명사,36
멈추,동사,36
세우,동사,35
가지,동사,35
문장,일반명사,35
선택,일반명사,35
아인슈타인,고유명사,35
위하,동사,35
처음,일반명사,35
이상,일반명사,35
닿,동사,35
방식,일반명사,35
문제,일반명사,35
흔들리,동사,34
수,일반명사,34
답,일반명사,34
뒤,일반명사,34
질량,일반명사,34
사람,일반명사,33
거대,일반명사,33
서로,일반명사,33
분자,일반명사,33
움직이,동사,32
모르,동사,32
넘,동사,32
기술,일반명사,32
단순,일반명사,32
위치,일반명사,32
세상,일반명사,32
의식,일반명사,32
쓰,동사,31
전체,일반명사,31
현실,일반명사,31
눈,일반명사,31
곳,일반명사,31
흐르,동사,31
조건,일반명사,31
동시,일반명사,31
대신,일반명사,30
방정식,일반명사,30
과정,일반명사,30
과학,일반명사,30
경계,일반명사,29
많,형용사,28
영역,일반명사,28
값,일반명사,28
예측,일반명사,28
완전,일반명사,28
점,일반명사,27
작,형용사,27
받아들이,동사,27
떨어지,동사,27
깊,형용사,27
이름,일반명사,27
시공간,일반명사,27
남기,동사,27
흩어지,동사,26
발견,일반명사,26
성질,일반명사,26
바꾸,동사,26
기계,일반명사,26
반복,일반명사,26
외부,일반명사,26
생각,일반명사,26
별,일반명사,26
확률,일반명사,26
신호,일반명사,26
그리,동사,25
원리,일반명사,25
실재,일반명사,25
결합,일반명사,25
완벽,일반명사,24
바닥,일반명사,24
도달,일반명사,24
지구,일반명사,24
가,동사,24
미세,일반명사,24
비,동사,24
물리학자,일반명사,24
확인,일반명사,23
무한,일반명사,23
유지,일반명사,23
나오,동사,23
전기,일반명사,23
드러나,동사,23
살,동사,23
차이,일반명사,23
정하,동사,23
뜻,일반명사,23
엔트로피,일반명사,23
소리,일반명사,23
짧,형용사,22
동안,일반명사,22
들,동사,22
지점,일반명사,22
품,동사,22
놓이,동사,22
사건,일반명사,22
관찰자,일반명사,22
이유,일반명사,22
빠르,형용사,22
대상,일반명사,22
논리,일반명사,21
만나,동사,21
손,일반명사,21
인류,일반명사,21
바깥,일반명사,21
던지,동사,21
배열,일반명사,21
길,형용사,21
주체,일반명사,21
무너지,동사,20
작동,일반명사,20
규칙,일반명사,20
흐름,일반명사,20
현상,일반명사,20
아래,일반명사,20
자유,일반명사,20
차원,일반명사,20
물,일반명사,20
오,동사,20
원소,일반명사,20
세기,일반명사,19
바뀌,동사,19
크,형용사,19
지우,동사,19
고정,일반명사,19
정밀,일반명사,19
향하,동사,19
생기,동사,19
시선,일반명사,19
감각,일반명사,19
경험,일반명사,19
그림,일반명사,19
몸,일반명사,19
핵,일반명사,19
복제,일반명사,19
의미,일반명사,18
다음,일반명사,18
완성,일반명사,18
일어나,동사,18
수식,일반명사,18
결론,일반명사,18
고전,일반명사,18
직관,일반명사,18
가리키,동사,18
대하,동사,18
형식,일반명사,18
작용,일반명사,18
음,일반명사,18
달라지,동사,17
온도,일반명사,17
벽,일반명사,17
얼굴,일반명사,17
안정,일반명사,17
거리,일반명사,17
세포,일반명사,17
읽,동사,17
미래,일반명사,17
드러내,동사,17
내,동사,17
초기,일반명사,17
특정,일반명사,17
반응,일반명사,17
관측,일반명사,17
낯설,형용사,16
거치,동사,16
형태,일반명사,16
잃,동사,16
관찰,일반명사,16
열,동사,16
퍼지,동사,16
낮,형용사,16
실체,일반명사,16
주변,일반명사,16
머물,동사,16
은하,일반명사,16
암흑,일반명사,16
무게,일반명사,16
끈,일반명사,16
자아,일반명사,16
전제,일반명사,15
기하학,일반명사,15
직선,일반명사,15
붙들,동사,15
모순,일반명사,15
변하,동사,15
수많,형용사,15
물체,일반명사,15
운동,일반명사,15
도구,일반명사,15
본질,일반명사,15
진화,일반명사,15
다루,동사,15
기록,일반명사,15
이루,동사,15
내려가,동사,15
흔적,일반명사,15
한계,일반명사,15
높,형용사,15
끝나,동사,15
선,일반명사,15
장,일반명사,15
환경,일반명사,15
화학,일반명사,15
목록,일반명사,14
밖,일반명사,14
상대,일반명사,14
크기,일반명사,14
찾,동사,14
상상,일반명사,14
들어가,동사,14
역설,일반명사,14
뉴턴,고유명사,14
궤도,일반명사,14
필요,일반명사,14
느끼,동사,14
이해,일반명사,14
결국,일반명사,14
과거,일반명사,14
파장,일반명사,14
기억,일반명사,14
비극,일반명사,14
단어,일반명사,14
수학자,일반명사,13
지나,동사,13
갖,동사,13
불안,일반명사,13
정의,일반명사,13
닮,동사,13
절차,일반명사,13
이후,일반명사,13
열리,동사,13
깨지,동사,13
나아가,동사,13
내부,일반명사,13
문법,일반명사,13
변화,일반명사,13
충돌,일반명사,13
컴퓨터,일반명사,13
공유,일반명사,13
믿음,일반명사,13
침묵,일반명사,13
하늘,일반명사,13
밀도,일반명사,13
부딪히,동사,13
팽창,일반명사,13
사물,일반명사,13
서사,일반명사,13
감정,일반명사,13
마음,일반명사,13
묶,동사,12
가운데,일반명사,12
실제,일반명사,12
태어나,동사,12
이어지,동사,12
회전,일반명사,12
간섭,일반명사,12
찰나,일반명사,12
행성,일반명사,12
틈,일반명사,12
명제,일반명사,12
구체,일반명사,12
인식,일반명사,12
늘어나,동사,12
모이,동사,12
공기,일반명사,12
한쪽,일반명사,12
공,일반명사,12
모형,일반명사,12
이전,일반명사,12
철학,일반명사,12
채우,동사,12
포착,일반명사,12
줄,일반명사,12
태양,일반명사,12
알갱이,일반명사,12
삶,일반명사,12
시,일반명사,12
양,일반명사,11
밀어붙이,동사,11
슈뢰딩거,고유명사,11
단위,일반명사,11
중첩,일반명사,11
보존,일반명사,11
지도,일반명사,11
이성,일반명사,11
넣,동사,11
관계,일반명사,11
오차,일반명사,11
결,일반명사,11
당시,일반명사,11
괴델,고유명사,11
쓰이,동사,11
설계도,일반명사,11
내놓,동사,11
열,일반명사,11
성립,일반명사,11
방법,일반명사,11
숨,동사,11
상식,일반명사,11
쉬,동사,11
행동,일반명사,11
맞,동사,11
확정,일반명사,11
장치,일반명사,11
날,일반명사,11
설계,일반명사,11
지능,일반명사,11
약속,일반명사,10
사유,일반명사,10
땅,일반명사,10
허락,일반명사,10
단계,일반명사,10
풍경,일반명사,10
모습,일반명사,10
평면,일반명사,10
기호,일반명사,10
일부,일반명사,10
곡선,일반명사,10
조각,일반명사,10
안개,일반명사,10
압축,일반명사,10
증거,일반명사,10
강하,형용사,10
재,동사,10
쌓,동사,10
필연,일반명사,10
혼돈,일반명사,10
장면,일반명사,10
떠나,동사,10
틀리,동사,10
문턱,일반명사,10
달리,동사,10
돌,일반명사,10
나무,일반명사,10
전달,일반명사,10
바라보,동사,10
보내,동사,10
어긋나,동사,10
신,일반명사,10
의지,일반명사,10
가설,일반명사,10
숨,일반명사,10
얽히,동사,10
커지,동사,10
행위,일반명사,10
재료,일반명사,10
폭발,일반명사,10
표준,일반명사,10
구성,일반명사,10
앎,일반명사,10
생존,일반명사,10
튜링,고유명사,10
나머지,일반명사,9
중심,일반명사,9
실패,일반명사,9
종이,일반명사,9
휘,동사,9
가정,일반명사,9
넓,형용사,9
나누,동사,9
진실,일반명사,9
주기,일반명사,9
위상,일반명사,9
낳,동사,9
올리,동사,9
오류,일반명사,9
정확,일반명사,9
길이,일반명사,9
담,동사,9
살아남,동사,9
걸치,동사,9
운동량,일반명사,9
지나가,동사,9
궤적,일반명사,9
경우,일반명사,9
벗어나,동사,9
각자,일반명사,9
줄어들,동사,9
철,일반명사,9
진동,일반명사,9
고리,일반명사,9
멀,형용사,9
약하,형용사,9
상호,일반명사,9
함수,일반명사,9
선명,일반명사,9
탄소,일반명사,9
스스로,일반명사,9
다중,일반명사,9
건축,일반명사,8
알리,동사,8
반대,일반명사,8
공리,일반명사,8
가속,일반명사,8
사과,일반명사,8
밀어내,동사,8
등장,일반명사,8
허수,일반명사,8
붙,동사,8
미시,일반명사,8
핵심,일반명사,8
출발,일반명사,8
구하,동사,8
꿈,일반명사,8
참,일반명사,8
거짓,일반명사,8
만약,일반명사,8
옮기,동사,8
빠지,동사,8
모양,일반명사,8
돌리,동사,8
비우,동사,8
통계,일반명사,8
새기,동사,8
거시,일반명사,8
돌아오,동사,8
회로,일반명사,8
똑같,형용사,8
시계,일반명사,8
삼,동사,8
너머,일반명사,8
나,일반명사,8
투명,일반명사,8
블랙홀,일반명사,8
떨리,동사,8
연속,일반명사,8
논문,일반명사,8
무늬,일반명사,8
통과,일반명사,8
종류,일반명사,8
통하,동사,8
복사,일반명사,8
상자,일반명사,8
독립,일반명사,8
탄생,일반명사,8
문,일반명사,8
생명체,일반명사,8
조금,일반명사,8
신뢰,일반명사,8
예상,일반명사,8
단백질,일반명사,8
종,일반명사,8
들여다보,동사,8
능력,일반명사,8
위험,일반명사,8
음악,일반명사,8
순환,일반명사,8
현대,일반명사,8
정리,일반명사,7
집합,일반명사,7
합,일반명사,7
균열,일반명사,7
실수,일반명사,7
해,일반명사,7
닫히,동사,7
숫자,일반명사,7
물음,일반명사,7
탐구,일반명사,7
최종,일반명사,7
주어지,동사,7
인지,일반명사,7
서울,고유명사,7
공평,일반명사,7
죽,동사,7
떠오르,동사,7
들어오,동사,7
휘어지,동사,7
곡률,일반명사,7
이야기,일반명사,7
시절,일반명사,7
특별,일반명사,7
기본,일반명사,7
마지막,일반명사,7
책,일반명사,7
선언,일반명사,7
줄이,동사,7
배,일반명사,7
갈라지,동사,7
바다,일반명사,7
상수,일반명사,7
수행,일반명사,7
느리,형용사,7
도시,일반명사,7
아무것,일반명사,7
배경,일반명사,7
일치,일반명사,7
정체,일반명사,7
시대,일반명사,7
오늘날,일반명사,7
기존,일반명사,7
비추,동사,7
놓,동사,7
걸리,동사,7
쌓이,동사,7
두,동사,7
겹치,동사,7
유일,일반명사,7
파인,일반명사,7
묶이,동사,7
광자,일반명사,7
붕괴,일반명사,7
틀,일반명사,7
도,일반명사,7
마주하,동사,7
포기,일반명사,7
힉스,고유명사,7
모델,일반명사,7
파편,일반명사,7
인공,일반명사,7
멘델레예프,고유명사,7
건물,일반명사,7
프로그램,일반명사,7
예언자,일반명사,7
해체,일반명사,7
전통,일반명사,7
유클리드,고유명사,6
부분,일반명사,6
버티,동사,6
개별,일반명사,6
진리,일반명사,6
평행선,일반명사,6
뿌리,일반명사,6
의심,일반명사,6
그림자,일반명사,6
세,동사,6
발명,일반명사,6
음수,일반명사,6
훗날,일반명사,6
의하,동사,6
정면,일반명사,6
가치,일반명사,6
오가,동사,6
개념,일반명사,6
거북,일반명사,6
범위,일반명사,6
번역,일반명사,6
도,동사,6
돌,동사,6
공식,일반명사,6
풀리,동사,6
배치,일반명사,6
추적,일반명사,6
적,동사,6
무대,일반명사,6
오늘,일반명사,6
발생,일반명사,6
지표면,일반명사,6
빌리,동사,6
판정,일반명사,6
겪,동사,6
효율,일반명사,6
식,동사,6
방,일반명사,6
거부,일반명사,6
논쟁,일반명사,6
압도,일반명사,6
바람,일반명사,6
일정,일반명사,6
경향,일반명사,6
개체,일반명사,6
수렴,일반명사,6
패턴,일반명사,6
심장,일반명사,6
맥스웰,고유명사,6
택하,동사,6
내리,동사,6
쏘,동사,6
기준,일반명사,6
본래,일반명사,6
밝히,동사,6
금속,일반명사,6
통신,일반명사,6
문명,일반명사,6
주인공,일반명사,6
이루어지,동사,6
지상,일반명사,6
현재,일반명사,6
개입,일반명사,6
예언,일반명사,6
좋,형용사,6
역동,일반명사,6
수소,일반명사,6
허용,일반명사,6
보어,고유명사,6
해석,일반명사,6
구멍,일반명사,6
화면,일반명사,6
고요,일반명사,6
고유,일반명사,6
신발,일반명사,6
피하,동사,6
풀,동사,6
공존,일반명사,6
깊이,일반명사,6
정답,일반명사,6
규모,일반명사,6
결과물,일반명사,6
역사,일반명사,6
생겨나,동사,6
지키,동사,6
칸,일반명사,6
소금,일반명사,6
저장,일반명사,6
껍질,일반명사,6
흔들,동사,6
쪼개,동사,6
숲,일반명사,6
실리콘,일반명사,6
신경,일반명사,6
안쪽,일반명사,6
고통,일반명사,6
뉴런,일반명사,6
계시,일반명사,6
처마,일반명사,6
독자,일반명사,6
원,일반명사,5
일반,일반명사,5
여기,동사,5
잡히,동사,5
적,형용사,5
수치,일반명사,5
마주치,동사,5
중간,일반명사,5
곡면,일반명사,5
도착,일반명사,5
실,일반명사,5
아킬레스,고유명사,5
앞서,동사,5
출발점,일반명사,5
걸음,일반명사,5
지,일반명사,5
윤곽,일반명사,5
극한,일반명사,5
입력,일반명사,5
완결,일반명사,5
발상,일반명사,5
내용,일반명사,5
확신,일반명사,5
정렬,일반명사,5
결함,일반명사,5
하루,일반명사,5
어제,일반명사,5
편지,일반명사,5
마찬가지,일반명사,5
통찰,일반명사,5
구별,일반명사,5
수평,일반명사,5
각도,일반명사,5
수축,일반명사,5
관점,일반명사,5
엄청나,형용사,5
왼쪽,일반명사,5
비례,일반명사,5
열역학,일반명사,5
창조,일반명사,5
치,동사,5
돌아가,동사,5
날개,일반명사,5
비율,일반명사,5
줄,동사,5
모두,일반명사,5
우주선,일반명사,5
진행,일반명사,5
단일,일반명사,5
통합,일반명사,5
늘,동사,5
끌어당기,동사,5
패러데이,고유명사,5
허공,일반명사,5
가로지르,동사,5
옆,일반명사,5
위성,일반명사,5
밀,동사,5
근원,일반명사,5
당기,동사,5
소멸,일반명사,5
바탕,일반명사,5
연결,일반명사,5
성공,일반명사,5
판,일반명사,5
어둠,일반명사,5
제안,일반명사,5
밤하늘,일반명사,5
찾아내,동사,5
수수께끼,일반명사,5
고르,동사,5
쏟아지,동사,5
응답,일반명사,5
거칠,형용사,5
해결,일반명사,5
진공,일반명사,5
중요,일반명사,5
고양이,일반명사,5
오른쪽,일반명사,5
환원,일반명사,5
자극,일반명사,5
들어서,동사,5
형성,일반명사,5
인플레이션,일반명사,5
제시,일반명사,5
빚어내,동사,5
애쓰,동사,5
빅뱅,일반명사,5
나이,일반명사,5
신화,일반명사,5
합치,동사,5
보통,일반명사,5
표,일반명사,5
차,동사,5
발,일반명사,5
세대,일반명사,5
어리,형용사,5
사슬,일반명사,5
산소,일반명사,5
대가,일반명사,5
순서,일반명사,5
에카,고유명사,5
인과,일반명사,5
내일,일반명사,5
다가오,동사,5
붓다,고유명사,5
서양,일반명사,5
도덕,일반명사,5
조직,일반명사,5
공백,일반명사,5
농,일반명사,5
현,일반명사,5
조성,일반명사,5
한옥,일반명사,5
두보,고유명사,5
피타고라스,고유명사,4
차례,일반명사,4
공준,일반명사,4
유한,일반명사,4
벌어지,동사,4
시도,일반명사,4
부정,일반명사,4
둥글,형용사,4
면,일반명사,4
자라나,동사,4
겹쳐지,동사,4
빚,일반명사,4
한동안,일반명사,4
불편,일반명사,4
제곱,일반명사,4
근본,일반명사,4
빛나,동사,4
북극,고유명사,4
기다리,동사,4
간격,일반명사,4
기초,일반명사,4
토대,일반명사,4
자연수,일반명사,4
번호,일반명사,4
물러나,동사,4
꿈꾸,동사,4
파고들,동사,4
거울,일반명사,4
붙이,동사,4
건드리,동사,4
여백,일반명사,4
죽음,일반명사,4
뜻밖,일반명사,4
자기,일반명사,4
나가,동사,4
사,동사,4
최소,일반명사,4
막,일반명사,4
거품,일반명사,4
메시지,일반명사,4
잉크,일반명사,4
볼츠만,고유명사,4
당대,일반명사,4
비판,일반명사,4
반면,일반명사,4
기울기,일반명사,4
되돌리,동사,4
원인,일반명사,4
균일,일반명사,4
잡음,일반명사,4
라플라스,고유명사,4
소수점,일반명사,4
임계점,일반명사,4
수준,일반명사,4
되풀이,일반명사,4
효과,일반명사,4
대기,일반명사,4
부산,고유명사,4
동일,일반명사,4
맞추,동사,4
주장,일반명사,4
절대,일반명사,4
번개,일반명사,4
뮤,고유명사,4
온,일반명사,4
자석,일반명사,4
곁,일반명사,4
격자,일반명사,4
일렁이,동사,4
깃들,동사,4
실험실,일반명사,4
옳,형용사,4
그때,일반명사,4
망원경,일반명사,4
구분,일반명사,4
동등,일반명사,4
사방,일반명사,4
주위,일반명사,4
까닭,일반명사,4
가스,일반명사,4
무한대,일반명사,4
정적,일반명사,4
출렁이,동사,4
펼쳐지,동사,4
근거,일반명사,4
상쇄,일반명사,4
겨울,일반명사,4
분포,일반명사,4
흘리,동사,4
안드로메다,고유명사,4
경쟁,일반명사,4
대부분,일반명사,4
장비,일반명사,4
정지,일반명사,4
틈새,일반명사,4
요동,일반명사,4
파괴,일반명사,4
교환,일반명사,4
운명,일반명사,4
숨기,동사,4
빚,동사,4
변수,일반명사,4
가속기,일반명사,4
구름,일반명사,4
낙관,일반명사,4
뒤흔들,동사,4
붉,형용사,4
치명,일반명사,4
진짜,일반명사,4
섞이,동사,4
기름,일반명사,4
모드,일반명사,4
아,일반명사,4
요구,일반명사,4
구현,일반명사,4
태초,일반명사,4
지금,일반명사,4
경계선,일반명사,4
고르,형용사,4
데이터,일반명사,4
동료,일반명사,4
렌즈,일반명사,4
덩어리,일반명사,4
속성,일반명사,4
성분,일반명사,4
기울,동사,4
액체,일반명사,4
신비,일반명사,4
가져오,동사,4
섭취,일반명사,4
분리,일반명사,4
지형,일반명사,4
양성자,일반명사,4
우라늄,일반명사,4
자,일반명사,4
핵분열,일반명사,4
감당,일반명사,4
설계자,일반명사,4
다윈,고유명사,4
동물,일반명사,4
하중,일반명사,4
철학자,일반명사,4
글자,일반명사,4
처리,일반명사,4
상황,일반명사,4
그늘,일반명사,4
객관,일반명사,4
호흡,일반명사,4
타인,일반명사,4
유전,일반명사,4
대화,일반명사,4
지,동사,4
도깨비,일반명사,4
비,일반명사,4
기능,일반명사,4
법,일반명사,4
배우,동사,4
불교,일반명사,4
주파수,일반명사,4
산조,일반명사,4
토지,고유명사,4
예술,일반명사,4
파국,일반명사,4
원근법,일반명사,4
화가,일반명사,4
기둥,일반명사,4
봉합,일반명사,4
비끼,동사,4
아치,일반명사,4
올려다보,동사,4
행,일반명사,4
시험,일반명사,3
유기,일반명사,3
모으,동사,3
그치,동사,3
지식,일반명사,3
건축물,일반명사,3
연장,일반명사,3
규정,일반명사,3
등가,일반명사,3
오랫동안,일반명사,3
카르다노,고유명사,3
쓸모,일반명사,3
외면,일반명사,3
허구,일반명사,3
발판,일반명사,3
응시,일반명사,3
반전,일반명사,3
전류,일반명사,3
가두,동사,3
박히,동사,3
유령,일반명사,3
도입,일반명사,3
계단,일반명사,3
계속,일반명사,3
심연,일반명사,3
얇,형용사,3
들어맞,동사,3
움직임,일반명사,3
나뉘,동사,3
파헤치,동사,3
짝,일반명사,3
견디,동사,3
따라가,동사,3
꼬리,일반명사,3
지평선,일반명사,3
여정,일반명사,3
풍요,일반명사,3
지평,일반명사,3
균형,일반명사,3
변환,일반명사,3
갈루아,고유명사,3
밤,일반명사,3
친구,일반명사,3
열쇠,일반명사,3
담기,동사,3
발밑,일반명사,3
북쪽,일반명사,3
시각,일반명사,3
형상,일반명사,3
맺,동사,3
보편,일반명사,3
왜곡,일반명사,3
맺히,동사,3
표면,일반명사,3
순수,일반명사,3
오후,일반명사,3
번지,동사,3
분석,일반명사,3
입증,일반명사,3
산,일반명사,3
내려오,동사,3
앞뒤,일반명사,3
가리,동사,3
들리,동사,3
정밀도,일반명사,3
높이,동사,3
증폭,일반명사,3
예,일반명사,3
시작점,일반명사,3
다듬,동사,3
기상,일반명사,3
시뮬레이션,일반명사,3
악마,일반명사,3
넘어서,동사,3
달,동사,3
무지,일반명사,3
저녁,일반명사,3
역,일반명사,3
눈금,일반명사,3
되돌아오,동사,3
이동,일반명사,3
강물,일반명사,3
풀려나,동사,3
중앙,일반명사,3
잠들,동사,3
나,동사,3
전선,일반명사,3
띠,동사,3
전하,동사,3
능동,일반명사,3
체험,일반명사,3
달,일반명사,3
영원,일반명사,3
지배,일반명사,3
끌어내리,동사,3
연쇄,일반명사,3
건너,동사,3
고백,일반명사,3
엘리베이터,일반명사,3
갇히,동사,3
보정,고유명사,3
사진,일반명사,3
발산,일반명사,3
일으키,동사,3
감싸,동사,3
악기,일반명사,3
들이,동사,3
방출,일반명사,3
맞아떨어지,동사,3
제거,일반명사,3
내재,일반명사,3
목적지,일반명사,3
포함,일반명사,3
확장,일반명사,3
계산법,일반명사,3
박자,일반명사,3
일상,일반명사,3
하이젠베르크,고유명사,3
산책,일반명사,3
집중,일반명사,3
사고,일반명사,3
허점,일반명사,3
매달리,동사,3
대,일반명사,3
줄기,일반명사,3
결맞음,고유명사,3
방사,일반명사,3
반론,일반명사,3
적히,동사,3
벨,고유명사,3
검증,일반명사,3
유럽,고유명사,3
제약,일반명사,3
맡기,동사,3
통제,일반명사,3
충격,일반명사,3
치르,동사,3
절망,일반명사,3
복원,일반명사,3
누적,일반명사,3
꺼내,동사,3
끊어지,동사,3
다가가,동사,3
주관,일반명사,3
여분,일반명사,3
말리,동사,3
희망,일반명사,3
절벽,일반명사,3
접히,동사,3
직후,일반명사,3
이기,동사,3
부풀,동사,3
오르,동사,3
걸어오,동사,3
찍,동사,3
좌표,일반명사,3
우연,일반명사,3
닦,동사,3
세월,일반명사,3
순식간,일반명사,3
눈앞,일반명사,3
중심부,일반명사,3
과학자,일반명사,3
당혹,일반명사,3
은하단,일반명사,3
뒤엉키,동사,3
골짜기,일반명사,3
뒤늦,형용사,3
파악,일반명사,3
연필,일반명사,3
극도,일반명사,3
넘어지,동사,3
핵력,일반명사,3
빈자리,일반명사,3
독,일반명사,3
기체,일반명사,3
머금,동사,3
합의,일반명사,3
흙,일반명사,3
기대,일반명사,3
아미노산,일반명사,3
무기,일반명사,3
지속,일반명사,3
실행,일반명사,3
생성,일반명사,3
나트륨,일반명사,3
염소,일반명사,3
이온,일반명사,3
고집,일반명사,3
녹,동사,3
저울,일반명사,3
갱신,일반명사,3
농도,일반명사,3
내보내,동사,3
곱,일반명사,3
통째,일반명사,3
원자량,일반명사,3
리듬,일반명사,3
예고,일반명사,3
성격,일반명사,3
사다리,일반명사,3
망막,일반명사,3
유리,일반명사,3
척추,일반명사,3
직립,일반명사,3
생산,일반명사,3
디폴트,일반명사,3
네트워크,일반명사,3
메타,고유명사,3
수정,일반명사,3
짐작,일반명사,3
밟,동사,3
추론,일반명사,3
유전자,일반명사,3
후회,일반명사,3
부여,일반명사,3
가닥,일반명사,3
없애,동사,3
큐비트,고유명사,3
연산,일반명사,3
알고리즘,일반명사,3
분해,일반명사,3
앨런 튜링,고유명사,3
색,일반명사,3
섀넌,고유명사,3
판단,일반명사,3
가라앉,동사,3
주,동사,3
축하,일반명사,3
학습,일반명사,3
사후,일반명사,3
청개구리,일반명사,3
아우구스티누스,고유명사,3
공포,일반명사,3
노자,고유명사,3
비트겐슈타인,고유명사,3
울림,일반명사,3
그리스,고유명사,3
리벳,고유명사,3
몫,일반명사,3
통,일반명사,3
탑,일반명사,3
개인,일반명사,3
공명,일반명사,3
지각,일반명사,3
젊,형용사,3
흘러가,동사,3
원칙,일반명사,3
국악,일반명사,3
울리,동사,3
머무르,동사,3
긴장,일반명사,3
귀,일반명사,3
슬픔,일반명사,3
셰익스피어,고유명사,3
햄릿,고유명사,3
정화,일반명사,3
미술,일반명사,3
편안,일반명사,3
성당,일반명사,3
산수화,일반명사,3
음계,일반명사,3
지붕,일반명사,3
돔,일반명사,3
착시,일반명사,3
밑,일반명사,3
시인,일반명사,3
늙,동사,3
소년,일반명사,3
식물,일반명사,3
기원전,일반명사,2
여기저기,일반명사,2
뜨,동사,2
섬,일반명사,2
소수,일반명사,2
관하,동사,2
최소한,일반명사,2
양쪽,일반명사,2
직각,일반명사,2
내각,일반명사,2
뒤집히,동사,2
가지,일반명사,2
정직,일반명사,2
대지,일반명사,2
표현,일반명사,2
나타내,동사,2
무,일반명사,2
르네 데카르트,고유명사,2
복소수,일반명사,2
실용,일반명사,2
전력,일반명사,2
망,일반명사,2
덧붙이,동사,2
기원,일반명사,2
호킹,고유명사,2
특이점,일반명사,2
허,일반명사,2
추월,일반명사,2
제논,고유명사,2
마디,일반명사,2
고대,일반명사,2
미적분,일반명사,2
좁히,동사,2
성채,일반명사,2
목표,일반명사,2
항,일반명사,2
총합,일반명사,2
결말,일반명사,2
속살,일반명사,2
절반,일반명사,2
대응,일반명사,2
두려워하,동사,2
최고,일반명사,2
힐베르트,고유명사,2
물,동사,2
산술,일반명사,2
시야,일반명사,2
서술,일반명사,2
엮,동사,2
가하,동사,2
겉모습,일반명사,2
군,일반명사,2
정돈,일반명사,2
원고,일반명사,2
출판,일반명사,2
패러다임,일반명사,2
장소,일반명사,2
차별,일반명사,2
쓰러지,동사,2
한,일반명사,2
곡률,고유명사,2
차지,일반명사,2
비행기,일반명사,2
훼손,일반명사,2
내포,일반명사,2
비눗방울,일반명사,2
리만,고유명사,2
운행,일반명사,2
온기,일반명사,2
떨어뜨리,동사,2
하나하나,일반명사,2
루트비히,고유명사,2
거세,형용사,2
고립,일반명사,2
발표,일반명사,2
장,고유명사,2
묘비,일반명사,2
바둑알,일반명사,2
구석,일반명사,2
흔하,형용사,2
몰리,동사,2
천문학,일반명사,2
별도,일반명사,2
종착지,일반명사,2
평형,일반명사,2
꼭대기,일반명사,2
소모,일반명사,2
배출,일반명사,2
성,일반명사,2
저항,일반명사,2
계,일반명사,2
펼치,동사,2
정점,일반명사,2
당구,일반명사,2
토끼,일반명사,2
번식,일반명사,2
뒤섞이,동사,2
확대,일반명사,2
아끼,동사,2
나비,일반명사,2
비유,일반명사,2
메우,동사,2
예보,일반명사,2
늪,일반명사,2
달하,동사,2
박동,일반명사,2
시스템,일반명사,2
공통,일반명사,2
출구,일반명사,2
특수,일반명사,2
금,일반명사,2
쫓,동사,2
달아나,동사,2
등식,일반명사,2
강요,일반명사,2
기차,일반명사,2
승객,일반명사,2
앞쪽,일반명사,2
수명,일반명사,2
일관,일반명사,2
응축,일반명사,2
한참,일반명사,2
지방,일반명사,2
호박,일반명사,2
천,일반명사,2
먼지,일반명사,2
취급,일반명사,2
마찰,일반명사,2
쇠,일반명사,2
나침반,일반명사,2
별개,일반명사,2
날아가,동사,2
그물,일반명사,2
전기장,일반명사,2
자기장,일반명사,2
유도,일반명사,2
전자기장,고유명사,2
불꽃,일반명사,2
튀,동사,2
깔리,동사,2
수동,일반명사,2
주석,일반명사,2
붙들리,동사,2
밀려나,동사,2
천상,일반명사,2
돌멩이,일반명사,2
아리스토텔레스,고유명사,2
단단하,형용사,2
통일,일반명사,2
짚,동사,2
내밀,동사,2
걸어가,동사,2
눌리,동사,2
뒤편,일반명사,2
별빛,일반명사,2
올려놓,동사,2
촘촘하,형용사,2
오그라들,동사,2
뒤틀리,동사,2
손바닥,일반명사,2
둘러싸,동사,2
삼키,동사,2
찍히,동사,2
인,일반명사,2
손가락,일반명사,2
꺾이,동사,2
분광기,고유명사,2
띠,일반명사,2
중반,일반명사,2
뛰어내리,동사,2
해당,일반명사,2
드 브로이,고유명사,2
귀퉁이,일반명사,2
튕기,동사,2
둘레,일반명사,2
맞물리,동사,2
설정,일반명사,2
과제,일반명사,2
스크린,일반명사,2
특유,일반명사,2
편,일반명사,2
평생,일반명사,2
불확정성,고유명사,2
포물선,일반명사,2
떠돌,동사,2
리처드,고유명사,2
훑,동사,2
정반대,일반명사,2
이중슬릿,일반명사,2
기여,일반명사,2
저마다,일반명사,2
화살표,일반명사,2
합계,일반명사,2
작업,일반명사,2
검토,일반명사,2
지탱,일반명사,2
가늠,일반명사,2
본성,일반명사,2
찌르,동사,2
반동,일반명사,2
거두,동사,2
제한,일반명사,2
쌍,일반명사,2
알아내,동사,2
자국,일반명사,2
연기,일반명사,2
새,동사,2
사정,일반명사,2
깨짐,고유명사,2
열복사,고유명사,2
여부,일반명사,2
상처,일반명사,2
모름,고유명사,2
영향,일반명사,2
떼,동사,2
상관,일반명사,2
수직,일반명사,2
답안지,일반명사,2
연구소,일반명사,2
의도,일반명사,2
간직,일반명사,2
만물,일반명사,2
젖히,동사,2
난로,일반명사,2
달구,동사,2
자외선,일반명사,2
플랑크,고유명사,2
튀어나오,동사,2
떨,동사,2
미,일반명사,2
매혹,일반명사,2
솟아오르,동사,2
파,동사,2
사용,일반명사,2
도출,일반명사,2
노력,일반명사,2
대형,일반명사,2
강입자,일반명사,2
폐기,일반명사,2
승,일반명사,2
각각,일반명사,2
조율,일반명사,2
전자기력,일반명사,2
부산물,일반명사,2
급팽창,일반명사,2
시나리오,일반명사,2
형이상학,일반명사,2
전환,일반명사,2
마침표,일반명사,2
편견,일반명사,2
인정,일반명사,2
스펙트럼,일반명사,2
거스르,동사,2
올라가,동사,2
안테나,일반명사,2
계절,일반명사,2
후,일반명사,2
지나치,형용사,2
광속,일반명사,2
집단,일반명사,2
박제,일반명사,2
우주상수,고유명사,2
천문학자,일반명사,2
외곽,일반명사,2
정상,일반명사,2
흡수,일반명사,2
골격,일반명사,2
연구,일반명사,2
이정표,일반명사,2
대면,일반명사,2
얼음,일반명사,2
메커니즘,일반명사,2
보손,고유명사,2
앉,동사,2
눈물,일반명사,2
반세기,일반명사,2
정작,일반명사,2
공동,일반명사,2
묘하,형용사,2
식탁,일반명사,2
무기물,일반명사,2
일시,일반명사,2
울,동사,2
밀러,고유명사,2
흉내,일반명사,2
플라스크,일반명사,2
빼,동사,2
부품,일반명사,2
매듭,일반명사,2
푸,동사,2
공장,일반명사,2
소용돌이,일반명사,2
가르,동사,2
이득,일반명사,2
자발,일반명사,2
협상,일반명사,2
모래알,일반명사,2
중성자,일반명사,2
핵융합,고유명사,2
오토,고유명사,2
간파,일반명사,2
윤리,일반명사,2
제어,일반명사,2
폐기물,일반명사,2
걱정,일반명사,2
분류,일반명사,2
서랍,일반명사,2
원소,고유명사,2
늘어놓,동사,2
화학자,일반명사,2
표정,일반명사,2
량,일반명사,2
바깥쪽,일반명사,2
넘치,동사,2
풀어내,동사,2
예외,일반명사,2
삽화,일반명사,2
등,일반명사,2
펴,동사,2
주입,일반명사,2
오해,일반명사,2
침팬지,일반명사,2
세계관,일반명사,2
인하,동사,2
냉정,일반명사,2
먹이,일반명사,2
컵,일반명사,2
피부,일반명사,2
느낌,일반명사,2
인칭,일반명사,2
자동,일반명사,2
편집실,일반명사,2
나라,일반명사,2
잠기,동사,2
본능,일반명사,2
명령,일반명사,2
생물학,일반명사,2
훈련,일반명사,2
전두엽,일반명사,2
피질,일반명사,2
시냅스,일반명사,2
기반,일반명사,2
중추,일반명사,2
두개골,일반명사,2
살아가,동사,2
늘리,동사,2
편향,일반명사,2
도약,일반명사,2
깨어나,동사,2
인물,일반명사,2
왓슨,고유명사,2
이중,일반명사,2
나선,고유명사,2
내장,일반명사,2
세포막,일반명사,2
입장,일반명사,2
비트,일반명사,2
이용,일반명사,2
키우,동사,2
소인수,일반명사,2
클로드 섀넌,고유명사,2
맑,형용사,2
균등,일반명사,2
취하,동사,2
알아채,동사,2
대답,일반명사,2
농담,일반명사,2
삭제,일반명사,2
골라내,동사,2
이세돌,고유명사,2
수련,일반명사,2
잊,동사,2
텍스트,일반명사,2
우산,일반명사,2
문구,일반명사,2
분노,일반명사,2
출력,일반명사,2
창발,고유명사,2
동작,일반명사,2
코드,일반명사,2
만능,일반명사,2
무심,일반명사,2
영상,일반명사,2
환상,일반명사,2
영혼,일반명사,2
단언,일반명사,2
이마누엘 칸트,고유명사,2
글,일반명사,2
여름,일반명사,2
수사,일반명사,2
묘사,일반명사,2
벼랑,일반명사,2
담아내,동사,2
이미지,일반명사,2
겨누,동사,2
조립,일반명사,2
욕망,일반명사,2
수행자,일반명사,2
옅,형용사,2
신경학,일반명사,2
무아,일반명사,2
집착,일반명사,2
책임,일반명사,2
준비,일반명사,2
전위,일반명사,2
충동,일반명사,2
끊,동사,2
실존,일반명사,2
짊어지,동사,2
태도,일반명사,2
영양분,일반명사,2
말씀,일반명사,2
계몽,일반명사,2
이치,일반명사,2
원효,고유명사,2
결핍,일반명사,2
임시,일반명사,2
흐리,형용사,2
버클리,고유명사,2
국소,일반명사,2
반박,일반명사,2
연주자,일반명사,2
진동수,일반명사,2
높이,일반명사,2
두께,일반명사,2
장단,일반명사,2
모리,일반명사,2
폭,일반명사,2
조이,동사,2
곡,일반명사,2
들려주,동사,2
늦추,동사,2
숨결,일반명사,2
오이디푸스,고유명사,2
도망치,동사,2
관객,일반명사,2
연민,일반명사,2
시시각각,일반명사,2
최선,일반명사,2
온몸,일반명사,2
회화,일반명사,2
인상파,일반명사,2
끼,동사,2
입체파,일반명사,2
고민,일반명사,2
스며들,동사,2
수의,일반명사,2
집,일반명사,2
작아지,동사,2
박물관,일반명사,2
끊기,동사,2
설득,일반명사,2
판테온,고유명사,2
머리,일반명사,2
덕분,일반명사,2
고딕,일반명사,2
기운,일반명사,2
산문,일반명사,2
전쟁,일반명사,2
강남,고유명사,2
꽃,일반명사,2
시골,일반명사,2
별자리,일반명사,2
황소,일반명사,2
잔해,일반명사,2
당장,일반명사,2
토양,일반명사,2
미생물,일반명사,2
모래성,일반명사,2
파도,일반명사,2
마시,동사,2
내뱉,동사,2
생태,일반명사,2
원론,일반명사,1
알렉산드리아,고유명사,1
한데,일반명사,1
끌어내,동사,1
선분,일반명사,1
얼마,일반명사,1
임의,일반명사,1
반지름,일반명사,1
분위기,일반명사,1
안장,일반명사,1
아이작 뉴턴,고유명사,1
외,일반명사,1
영하,일반명사,1
유용,일반명사,1
일원,일반명사,1
막히,동사,1
이면,일반명사,1
찾아오,동사,1
이탈리아,고유명사,1
지롤라모,고유명사,1
해법,일반명사,1
제곱근,일반명사,1
양수,일반명사,1
멀쩡하,형용사,1
일어서,동사,1
낙인,일반명사,1
개,일반명사,1
정거장,일반명사,1
교류,일반명사,1
공학,일반명사,1
전압,일반명사,1
편의,일반명사,1
발붙이,동사,1
톱니바퀴,일반명사,1
고독,일반명사,1
스티븐,고유명사,1
우회,일반명사,1
뒤따르,동사,1
반열,일반명사,1
추격,일반명사,1
끝내,동사,1
라이프니츠,고유명사,1
넓이,일반명사,1
포탄,일반명사,1
낙하,일반명사,1
해명,일반명사,1
카를,고유명사,1
바이어슈트라스,고유명사,1
1,고유명사,1
짧아지,동사,1
게오르크 칸토어,고유명사,1
급,일반명사,1
짝수,일반명사,1
짝짓기,일반명사,1
대등,일반명사,1
격,일반명사,1
매기,동사,1
번호표,일반명사,1
유한,고유명사,1
꾸,동사,1
거르,동사,1
다비트,고유명사,1
야심,일반명사,1
우리,일반명사,1
쿠르트 괴델,고유명사,1
달성,일반명사,1
신기루,일반명사,1
깨끗하,형용사,1
보장,일반명사,1
올바르,형용사,1
보증인,일반명사,1
왼손,일반명사,1
오른손,일반명사,1
예쁘,형용사,1
파리,고유명사,1
에바리스트,고유명사,1
시간문제,일반명사,1
근,일반명사,1
만족,일반명사,1
결투,일반명사,1
앞두,동사,1
이튿날,일반명사,1
아침,일반명사,1
알려지,동사,1
조제프,고유명사,1
리우빌,고유명사,1
알아보,동사,1
유희,일반명사,1
군론,고유명사,1
해독,일반명사,1
변모,일반명사,1
에미 뇌터,고유명사,1
물리량,고유명사,1
날짜,일반명사,1
동쪽,일반명사,1
서쪽,일반명사,1
팽이,일반명사,1
기울어지,동사,1
자전,일반명사,1
불변,일반명사,1
드리우,동사,1
허실,일반명사,1
무한,고유명사,1
수평선,일반명사,1
적도,일반명사,1
평행,일반명사,1
맞닿,동사,1
평평하,형용사,1
비하,동사,1
외재,일반명사,1
내려다보,동사,1
카를 프리드리히 가우스,고유명사,1
삼각,일반명사,1
초과,일반명사,1
구면,일반명사,1
베른하르트 리만,고유명사,1
구축,일반명사,1
지위,일반명사,1
대원,일반명사,1
뉴욕,고유명사,1
북극해,고유명사,1
근처,일반명사,1
제작,일반명사,1
면적,일반명사,1
일그러지,동사,1
찢,동사,1
대체,일반명사,1
제작자,일반명사,1
미분,일반명사,1
구형,일반명사,1
잎사귀,일반명사,1
물방울,일반명사,1
벌집,일반명사,1
추상,일반명사,1
상상력,일반명사,1
산물,일반명사,1
굴절,일반명사,1
동시성,고유명사,1
휨,고유명사,1
커피,일반명사,1
카톡,고유명사,1
향수,일반명사,1
뚜껑,일반명사,1
향,일반명사,1
구석구석,일반명사,1
향기,일반명사,1
병,일반명사,1
당하,동사,1
생,일반명사,1
마감,일반명사,1
브라운,일반명사,1
바티스트,고유명사,1
페랭,고유명사,1
통계역학,고유명사,1
복권,일반명사,1
바둑판,일반명사,1
가짓수,일반명사,1
잉크병,일반명사,1
화살,일반명사,1
타오르,동사,1
불,동사,1
강,일반명사,1
초상,일반명사,1
돌이키,동사,1
비관,일반명사,1
평균,일반명사,1
꿰뚫,동사,1
지성,일반명사,1
재난,일반명사,1
계산기,일반명사,1
번갈,동사,1
올해,일반명사,1
내년,일반명사,1
프랙탈,일반명사,1
학자,일반명사,1
에드워드 로렌츠,고유명사,1
날씨,일반명사,1
과장,일반명사,1
가로막,동사,1
신뢰도,일반명사,1
지수,일반명사,1
로렌츠,고유명사,1
맴돌,동사,1
끌개,고유명사,1
파이겐바움,일반명사,1
절정,일반명사,1
유체,일반명사,1
금요일,일반명사,1
종로,고유명사,1
가,일반명사,1
관성,일반명사,1
광원,일반명사,1
무관하,형용사,1
버리,동사,1
분모,일반명사,1
천장,일반명사,1
위아래,일반명사,1
왕복,일반명사,1
대각선,일반명사,1
플랫폼,일반명사,1
정,일반명사,1
뒤쪽,일반명사,1
순차,일반명사,1
잡아내,동사,1
지연,일반명사,1
곱하,동사,1
함의,일반명사,1
등속,일반명사,1
편입,일반명사,1
친숙,일반명사,1
마그네시아,고유명사,1
검,형용사,1
진액,일반명사,1
문지르,동사,1
지푸라기,일반명사,1
지명,일반명사,1
한스,고유명사,1
크리스티안,고유명사,1
외르스테드,고유명사,1
바늘,일반명사,1
마이클,고유명사,1
코일,일반명사,1
통념,일반명사,1
정식,일반명사,1
교육,일반명사,1
제임스 클러크 맥스웰,고유명사,1
징검다리,일반명사,1
하인리히 헤르츠,고유명사,1
튀기,동사,1
전자기파,일반명사,1
대서양,고유명사,1
전송,일반명사,1
라디오,일반명사,1
스마트폰,일반명사,1
그릇,일반명사,1
고등학교,일반명사,1
학년,일반명사,1
선생,일반명사,1
칠판,일반명사,1
세,형용사,1
가속도,일반명사,1
제각각,일반명사,1
신성,일반명사,1
제자리,일반명사,1
애초,일반명사,1
선포,일반명사,1
천왕성,고유명사,1
위르뱅 르베리에,고유명사,1
정도,일반명사,1
해왕성,일반명사,1
펜,일반명사,1
톱니,일반명사,1
밝혀지,동사,1
정교하,형용사,1
숙제,일반명사,1
창문,일반명사,1
따라오,동사,1
직진,일반명사,1
올라오,동사,1
측지선,고유명사,1
개기,일반명사,1
일식,일반명사,1
고무,일반명사,1
변형,일반명사,1
구부러지,동사,1
밧줄,일반명사,1
내버리,동사,1
상공,일반명사,1
초속,일반명사,1
밀,일반명사,1
벌이,동사,1
마이크로,일반명사,1
내비게이션,일반명사,1
극단,일반명사,1
임계,고유명사,1
궁수자리,고유명사,1
부피,일반명사,1
중력파,일반명사,1
호수,일반명사,1
물결,일반명사,1
유산,일반명사,1
무지개,일반명사,1
칠흑,일반명사,1
배후,일반명사,1
닐스 보어,고유명사,1
루이,고유명사,1
박사,일반명사,1
물질파,고유명사,1
심사,일반명사,1
위원,일반명사,1
평가,일반명사,1
의견,일반명사,1
베일,일반명사,1
기타,일반명사,1
정수배,일반명사,1
정상파,고유명사,1
알프스,고유명사,1
산장,일반명사,1
틀어박히,동사,1
구슬,일반명사,1
입체,일반명사,1
막스 보른,고유명사,1
동전,일반명사,1
동의,일반명사,1
보른,일반명사,1
지름길,일반명사,1
우회로,일반명사,1
사명,일반명사,1
실마리,일반명사,1
폴 디랙,고유명사,1
메모,일반명사,1
물론,일반명사,1
갈지자,일반명사,1
도착지,일반명사,1
끝점,일반명사,1
뚫리,동사,1
비슷하,형용사,1
보태,동사,1
적분,고유명사,1
타원,일반명사,1
소거,일반명사,1
최후,일반명사,1
생존자,일반명사,1
자취,일반명사,1
잔상,일반명사,1
당혹감,일반명사,1
감추,동사,1
터무니없,형용사,1
반문,일반명사,1
막후,일반명사,1
선풍기,일반명사,1
고속,일반명사,1
카메라,일반명사,1
이번,일반명사,1
정복,일반명사,1
베르너,고유명사,1
코펜하겐,고유명사,1
밤거리,일반명사,1
교란,일반명사,1
서투르,형용사,1
기인,일반명사,1
주사위,일반명사,1
놀이,일반명사,1
냉소,일반명사,1
유명,일반명사,1
학회,일반명사,1
용수철,일반명사,1
물리,동사,1
단기,일반명사,1
대출,일반명사,1
갚,동사,1
밀리,동사,1
카시미르,고유명사,1
곤혹,일반명사,1
뒤바뀌,동사,1
관건,일반명사,1
안톤,고유명사,1
차일링거,고유명사,1
그룹,일반명사,1
축구공,일반명사,1
강력,일반명사,1
생사,일반명사,1
결부,일반명사,1
벽면,일반명사,1
회복,일반명사,1
치명타,일반명사,1
굳어지,동사,1
원격,일반명사,1
변신,일반명사,1
차이,동사,1
기울이,동사,1
작성,일반명사,1
존,고유명사,1
엔지니어,일반명사,1
본업,일반명사,1
그르,형용사,1
판별,일반명사,1
아이디어,일반명사,1
부등식,일반명사,1
알랭 아스페,고유명사,1
기각,일반명사,1
뛰어넘,동사,1
즉각,일반명사,1
수단,일반명사,1
자부,일반명사,1
전자기학,고유명사,1
저명,일반명사,1
켈빈,고유명사,1
가열,일반명사,1
납득,일반명사,1
X선,일반명사,1
파탄,일반명사,1
막스 플랑크,고유명사,1
묶음,일반명사,1
비싸,형용사,1
기뻐하,동사,1
편법,일반명사,1
광,일반명사,1
밝,형용사,1
요지부동,일반명사,1
바이올린,일반명사,1
레,일반명사,1
떠,동사,1
쿼크,일반명사,1
골칫거리,일반명사,1
해소,일반명사,1
그동안,일반명사,1
초대,일반명사,1
전선도,일반명사,1
기어가,동사,1
개미,일반명사,1
접근,일반명사,1
자릿수,일반명사,1
앤드루 스트로민저,고유명사,1
쿠마룬,고유명사,1
바,일반명사,1
교차로,일반명사,1
화답,일반명사,1
유럽입자물리연구소,고유명사,1
초대칭,고유명사,1
불어나,동사,1
대안,일반명사,1
추구,일반명사,1
발걸음,일반명사,1
개수,일반명사,1
꼬이,동사,1
파격,일반명사,1
부상,일반명사,1
조정,일반명사,1
돌파,일반명사,1
표본,일반명사,1
사례,일반명사,1
알맞,형용사,1
대꾸,일반명사,1
전략,일반명사,1
단절,일반명사,1
반증,일반명사,1
따라붙,동사,1
비난,일반명사,1
옹호,일반명사,1
희박하,형용사,1
진영,일반명사,1
구역,일반명사,1
통용,일반명사,1
지역,일반명사,1
관습,일반명사,1
통계학,일반명사,1
정립,일반명사,1
지지,일반명사,1
우주관,일반명사,1
맞서,동사,1
척,일반명사,1
인위,일반명사,1
벨기에,고유명사,1
신부,일반명사,1
조르주 르메트르,고유명사,1
되감,동사,1
원시,일반명사,1
신학,일반명사,1
에드윈,고유명사,1
허블,고유명사,1
종지부,일반명사,1
붉은색,일반명사,1
치우치,동사,1
적색,일반명사,1
풍선,일반명사,1
생애,일반명사,1
최대,일반명사,1
탄식,일반명사,1
화석,일반명사,1
뉴저지,고유명사,1
전파,일반명사,1
연구자,일반명사,1
시달리,동사,1
비둘기,일반명사,1
둥지,일반명사,1
틀,동사,1
새,일반명사,1
배설물,일반명사,1
소음,일반명사,1
최초,일반명사,1
마이크로파,고유명사,1
초월,일반명사,1
위배,일반명사,1
씨앗,일반명사,1
맥박,일반명사,1
교차,일반명사,1
오답,일반명사,1
베라 루빈,고유명사,1
공전,일반명사,1
원천,일반명사,1
은하,고유명사,1
뒤엎,동사,1
폭주,일반명사,1
원심력,일반명사,1
부족,일반명사,1
루빈,고유명사,1
여성,일반명사,1
한몫,일반명사,1
행사,일반명사,1
도사리,동사,1
중력렌즈,고유명사,1
역산,일반명사,1
꺾,동사,1
총량,일반명사,1
명명,일반명사,1
총알,일반명사,1
연출,일반명사,1
들러붙,동사,1
무시,일반명사,1
엉키,동사,1
반사,일반명사,1
궤,일반명사,1
잉여,일반명사,1
궁극,일반명사,1
건축가,일반명사,1
뭉치,동사,1
짜,동사,1
구르,동사,1
슈퍼,일반명사,1
거푸집,일반명사,1
후반,일반명사,1
팀,일반명사,1
초신성,일반명사,1
인력,일반명사,1
정체불명,일반명사,1
희석,일반명사,1
태생,일반명사,1
억누르,동사,1
우위,일반명사,1
점하,동사,1
유력,일반명사,1
후보,일반명사,1
암흑물질,고유명사,1
의,일반명사,1
탁자,일반명사,1
지면,일반명사,1
간극,일반명사,1
추락,일반명사,1
고체,일반명사,1
상전,일반명사,1
자성,일반명사,1
평등,일반명사,1
남극,고유명사,1
고착,일반명사,1
눈송이,일반명사,1
육각형,일반명사,1
냉각,일반명사,1
상전이,고유명사,1
촉발,일반명사,1
융합,일반명사,1
분화,일반명사,1
사투리,일반명사,1
피터 힉스,고유명사,1
날아다니,동사,1
유혹,일반명사,1
검출,일반명사,1
강당,일반명사,1
봉우리,일반명사,1
청중석,일반명사,1
훔치,동사,1
별명,일반명사,1
형체,일반명사,1
벽돌,일반명사,1
마법,일반명사,1
교신,일반명사,1
굵,형용사,1
낭비,일반명사,1
도감,일반명사,1
매개,일반명사,1
눈부시,형용사,1
시리,형용사,1
빅뱅,고유명사,1
초끈,고유명사,1
다중우주,고유명사,1
길가,일반명사,1
매미,일반명사,1
떠나가,동사,1
갈색,일반명사,1
껍데기,일반명사,1
빠져나가,동사,1
먹,동사,1
칼,일반명사,1
베,동사,1
완만하,형용사,1
대학원,일반명사,1
스탠리,고유명사,1
혼합물,일반명사,1
방전,일반명사,1
교수,일반명사,1
해럴드 유리,고유명사,1
유의미,일반명사,1
일주일,일반명사,1
유리,고유명사,1
학생,일반명사,1
혼자,일반명사,1
공로,일반명사,1
조합,일반명사,1
갖추,동사,1
전수,일반명사,1
월드,일반명사,1
공급,일반명사,1
이력,일반명사,1
획득,일반명사,1
비탈길,일반명사,1
비탈,일반명사,1
보호,일반명사,1
전쟁터,일반명사,1
독가스,일반명사,1
희,형용사,1
순하,형용사,1
납,일반명사,1
연금술사,일반명사,1
재편,일반명사,1
축,일반명사,1
모자라,동사,1
내리막,일반명사,1
사이좋,형용사,1
소유,일반명사,1
점유,일반명사,1
끌리,동사,1
맞부딪치,동사,1
낮추,동사,1
성사,일반명사,1
깁스,일반명사,1
비용,일반명사,1
더하,동사,1
끓,동사,1
수증기,일반명사,1
파기,일반명사,1
합의문,일반명사,1
요리,일반명사,1
소화도,고유명사,1
곳곳,일반명사,1
정육면체,일반명사,1
치열,일반명사,1
원자가,고유명사,1
축구,일반명사,1
경기장,일반명사,1
밀집,일반명사,1
감옥,일반명사,1
양전기,일반명사,1
반발력,일반명사,1
사정거리,일반명사,1
결손,일반명사,1
비교,일반명사,1
부근,일반명사,1
베를린,고유명사,1
도중,일반명사,1
바륨,고유명사,1
망명,일반명사,1
리제 마이트너,고유명사,1
마이트너,일반명사,1
덮이,동사,1
조카,일반명사,1
프리쉬,고유명사,1
밑둥,일반명사,1
방울,일반명사,1
원래,일반명사,1
히로시마,고유명사,1
나가사키,고유명사,1
불기둥,일반명사,1
각인,일반명사,1
맨해튼,고유명사,1
프로젝트,일반명사,1
이끌,동사,1
강연,일반명사,1
죄,일반명사,1
심판대,일반명사,1
양면,일반명사,1
원자력,일반명사,1
에너지원,일반명사,1
체르노빌,고유명사,1
후쿠시마,고유명사,1
격리,일반명사,1
준위,일반명사,1
후대,일반명사,1
바닷물,일반명사,1
중수소,고유명사,1
원료,일반명사,1
장기,일반명사,1
우리나라,일반명사,1
고온,일반명사,1
플라즈마,일반명사,1
시사,일반명사,1
무너뜨리,동사,1
중학교,일반명사,1
교실,일반명사,1
혼란,일반명사,1
러시아,고유명사,1
드미트리,고유명사,1
순,일반명사,1
옥타브,일반명사,1
브로,고유명사,1
민,일반명사,1
리튬,일반명사,1
빈칸,일반명사,1
도드라지,동사,1
미지,일반명사,1
산화물,일반명사,1
끓는점,일반명사,1
붕소,고유명사,1
알루미늄,일반명사,1
독일,고유명사,1
게르마늄,일반명사,1
자신감,일반명사,1
비밀,일반명사,1
목격,일반명사,1
헬륨,일반명사,1
다양,일반명사,1
갈라놓,동사,1
누리,동사,1
목적,일반명사,1
유인원,일반명사,1
허리,일반명사,1
하,고유명사,1
고등,일반명사,1
진보,일반명사,1
열등,일반명사,1
적응,일반명사,1
찰스,고유명사,1
사회,일반명사,1
점검,일반명사,1
묵히,동사,1
앨프리드 월리스,고유명사,1
말레이,고유명사,1
제도,일반명사,1
열대림,일반명사,1
열병,일반명사,1
싸우,동사,1
월리스,고유명사,1
독창,일반명사,1
한탄,일반명사,1
이듬해,일반명사,1
적합,일반명사,1
자손,일반명사,1
지질학,일반명사,1
변이,일반명사,1
길어지,동사,1
대표,일반명사,1
각막,일반명사,1
수정체,일반명사,1
작품,일반명사,1
유무,일반명사,1
감지,일반명사,1
색소,일반명사,1
덧대,동사,1
고치,동사,1
분산,일반명사,1
최적,일반명사,1
보행,일반명사,1
무리,일반명사,1
아래쪽,일반명사,1
요통,일반명사,1
미봉책,일반명사,1
자락,일반명사,1
발달,일반명사,1
신경망,일반명사,1
수용기,일반명사,1
발화,일반명사,1
척수,일반명사,1
시상,일반명사,1
근육,일반명사,1
아프,형용사,1
통증,일반명사,1
데이비드 차머스,고유명사,1
부위,일반명사,1
활성,일반명사,1
상영,일반명사,1
알아차리,동사,1
떠올리,동사,1
자각,일반명사,1
층위,일반명사,1
편집,일반명사,1
지켜보,동사,1
휩쓸리,동사,1
위협,일반명사,1
착각,일반명사,1
잠식,일반명사,1
천지,일반명사,1
후자,일반명사,1
심리학,일반명사,1
확보,일반명사,1
넓히,동사,1
전유물,일반명사,1
최근,일반명사,1
돌고래,일반명사,1
흐릿하,형용사,1
두려움,일반명사,1
불,일반명사,1
후두엽,일반명사,1
달려가,동사,1
깜빡이,동사,1
업무,일반명사,1
질감,일반명사,1
단,일반명사,1
내디디,동사,1
소스라치,동사,1
휘청이,동사,1
본,일반명사,1
덧붙,동사,1
맡,동사,1
층,일반명사,1
시대순,일반명사,1
증축,일반명사,1
부풀리,동사,1
최악,일반명사,1
조상,일반명사,1
질,일반명사,1
낱낱,일반명사,1
갈래,일반명사,1
합창,일반명사,1
분주,일반명사,1
가상,일반명사,1
유기체,일반명사,1
수치심,일반명사,1
참조,일반명사,1
담장,일반명사,1
대물림,일반명사,1
벽지,일반명사,1
제임스,고유명사,1
프랜시스,고유명사,1
크릭,고유명사,1
아데닌,일반명사,1
티민,일반명사,1
구아닌,일반명사,1
사이토신,고유명사,1
염기,일반명사,1
결심,일반명사,1
생물학자,일반명사,1
보완,일반명사,1
수선,일반명사,1
보전,일반명사,1
닭,일반명사,1
달걀,일반명사,1
휘말리,동사,1
댐,일반명사,1
안팎,일반명사,1
소통,일반명사,1
창구,일반명사,1
질소,일반명사,1
바위,일반명사,1
무미건조,일반명사,1
생물,일반명사,1
교체,일반명사,1
바이러스,일반명사,1
숙주,일반명사,1
서열,일반명사,1
드물,형용사,1
오타,일반명사,1
변주,일반명사,1
직감,일반명사,1
여행자,일반명사,1
주목,일반명사,1
추가,일반명사,1
자원,일반명사,1
바닥나,동사,1
해내,동사,1
병렬,일반명사,1
큐,일반명사,1
내주,동사,1
원하,동사,1
끌,동사,1
피터,고유명사,1
쇼어,고유명사,1
암호,일반명사,1
상당,일반명사,1
어려움,일반명사,1
디지털,일반명사,1
거래,일반명사,1
자물쇠,일반명사,1
보안,일반명사,1
우월,일반명사,1
이점,일반명사,1
취약,일반명사,1
장벽,일반명사,1
고전역학,고유명사,1
휴대,일반명사,1
전화,일반명사,1
띄우,동사,1
그대로,일반명사,1
파일,일반명사,1
가을,일반명사,1
폭설,일반명사,1
한마디,일반명사,1
폰,고유명사,1
노이만,고유명사,1
토론,일반명사,1
공짜,일반명사,1
머릿속,일반명사,1
관념,일반명사,1
란다우어,일반명사,1
몰,동사,1
강제,일반명사,1
수로,일반명사,1
범주,일반명사,1
속하,동사,1
셈법,일반명사,1
알파고,고유명사,1
도전,일반명사,1
승리,일반명사,1
바둑,일반명사,1
기사,일반명사,1
형세,일반명사,1
눈빛,일반명사,1
개요,일반명사,1
초안,일반명사,1
귀하,일반명사,1
선정,일반명사,1
광고,일반명사,1
젖,동사,1
셔츠,일반명사,1
달라붙,동사,1
상술,일반명사,1
이웃,일반명사,1
끄집어내,동사,1
어조,일반명사,1
가려내,동사,1
예기,일반명사,1
유추,일반명사,1
강화,일반명사,1
화합물,일반명사,1
테스트,일반명사,1
익히,동사,1
영감,일반명사,1
재능,일반명사,1
루프,고유명사,1
프로세서,일반명사,1
메모리,일반명사,1
동원,일반명사,1
막다르,형용사,1
영토,일반명사,1
출발선,일반명사,1
깊어지,동사,1
척도,일반명사,1
시차,일반명사,1
민감,일반명사,1
위안,일반명사,1
미켈레,고유명사,1
베소,고유명사,1
유족,일반명사,1
성찰,일반명사,1
정신,일반명사,1
브레이크,일반명사,1
몰입,일반명사,1
휘발,일반명사,1
그리움,일반명사,1
도덕경,고유명사,1
대략,일반명사,1
안내,일반명사,1
내음,일반명사,1
노자,일반명사,1
결성,일반명사,1
보증,일반명사,1
현인,일반명사,1
이론가,일반명사,1
탐구자,일반명사,1
무효,일반명사,1
깨달음,일반명사,1
경외,일반명사,1
인도,고유명사,1
해부,일반명사,1
고정관념,일반명사,1
중심점,일반명사,1
명멸,일반명사,1
맥락,일반명사,1
덧칠,일반명사,1
영화,일반명사,1
필름,일반명사,1
가공,일반명사,1
그럴듯하,형용사,1
요약본,일반명사,1
맹목,일반명사,1
권하,동사,1
철저,일반명사,1
먼저,일반명사,1
사성제,일반명사,1
직시,일반명사,1
상정,일반명사,1
팔정도,일반명사,1
종교,일반명사,1
계율,일반명사,1
외피,일반명사,1
두르,동사,1
비틀리,동사,1
접점,일반명사,1
명상,일반명사,1
활동,일반명사,1
감소,일반명사,1
보고,일반명사,1
허무주의,일반명사,1
붙잡히,동사,1
완료,일반명사,1
구조물,일반명사,1
선행,일반명사,1
해묵,동사,1
벤저민,고유명사,1
피험자,일반명사,1
통보,일반명사,1
대변인,일반명사,1
직전,일반명사,1
결단,일반명사,1
자유거부,일반명사,1
승인,일반명사,1
마르틴,고유명사,1
하이데거,고유명사,1
형질,일반명사,1
끌어안,동사,1
폴,고유명사,1
사르트르,고유명사,1
일종,일반명사,1
선고,일반명사,1
어쩌,동사,1
변명,일반명사,1
기만,일반명사,1
책임지,동사,1
인과율,일반명사,1
굴러가,동사,1
직조,일반명사,1
대학교,일반명사,1
아르바이트,일반명사,1
털,동사,1
전집,일반명사,1
손때,일반명사,1
중고,일반명사,1
책방,일반명사,1
넘어가,동사,1
뇌리,일반명사,1
힐러리,고유명사,1
퍼트넘,고유명사,1
미치,동사,1
손등,일반명사,1
야경,일반명사,1
다가서,동사,1
가려지,동사,1
상,일반명사,1
가시광선,일반명사,1
푸르르,형용사,1
속이,동사,1
주춧돌,일반명사,1
물건,일반명사,1
전개,일반명사,1
잠정,일반명사,1
전도,일반명사,1
물리치,동사,1
소급,일반명사,1
말뚝,일반명사,1
귀납,일반명사,1
추측,일반명사,1
연역,일반명사,1
서구,고유명사,1
서구,일반명사,1
수신,일반명사,1
권위,일반명사,1
성장,일반명사,1
인권,일반명사,1
부재,일반명사,1
봉착,일반명사,1
동아시아,고유명사,1
유교,일반명사,1
초월자,일반명사,1
솟아나,동사,1
공자,고유명사,1
귀신,일반명사,1
논하,동사,1
맹자,고유명사,1
선하,형용사,1
측은지심,일반명사,1
주자,고유명사,1
리,일반명사,1
끊임없,형용사,1
수양,일반명사,1
궁리,일반명사,1
출처,일반명사,1
인의,일반명사,1
실천,일반명사,1
쥐,동사,1
대학,일반명사,1
오전,일반명사,1
다니,동사,1
가르치,동사,1
강의실,일반명사,1
진공묘유,일반명사,1
잠잠하,형용사,1
풍기,동사,1
잠재,일반명사,1
매이,동사,1
개방,일반명사,1
진공묘유,고유명사,1
피어나,동사,1
허무,일반명사,1
표지판,일반명사,1
석,일반명사,1
참여,일반명사,1
목격자,일반명사,1
내다보,동사,1
주제,일반명사,1
생동,일반명사,1
진심,일반명사,1
관측자,일반명사,1
지니,동사,1
조지,고유명사,1
에른스트 마흐,고유명사,1
마흐,고유명사,1
정독,일반명사,1
마흐,일반명사,1
제목,일반명사,1
물음표,일반명사,1
논지,일반명사,1
실현,일반명사,1
다세계,일반명사,1
예감,일반명사,1
가야금,일반명사,1
손목,일반명사,1
가늘,형용사,1
여운,일반명사,1
몸짓,일반명사,1
장력,일반명사,1
손끝,일반명사,1
압력,일반명사,1
분할,일반명사,1
들이쉬,동사,1
내쉬,동사,1
진양,고유명사,1
조,일반명사,1
중,일반명사,1
자진,일반명사,1
휘모리,고유명사,1
이완,일반명사,1
태엽,일반명사,1
구간,일반명사,1
미끄러지,동사,1
흩,동사,1
비브라토,고유명사,1
루바토,고유명사,1
박,고유명사,1
앞당기,동사,1
박,동사,1
기준점,일반명사,1
닻,일반명사,1
방황,일반명사,1
걸음걸이,일반명사,1
건강,일반명사,1
음정,일반명사,1
남태평양,고유명사,1
야자수,일반명사,1
박경리,고유명사,1
소설,일반명사,1
증가,일반명사,1
가역,일반명사,1
비참,일반명사,1
몰아넣,동사,1
발길,일반명사,1
내려지,동사,1
압박,일반명사,1
필사,일반명사,1
망설이,동사,1
미루,동사,1
한말,일반명사,1
광복,일반명사,1
격변,일반명사,1
사랑,일반명사,1
잃어버리,동사,1
최서희,고유명사,1
빼앗기,동사,1
가문,일반명사,1
명예,일반명사,1
되찾,동사,1
증오,일반명사,1
동력,일반명사,1
한평생,일반명사,1
길상,일반명사,1
민족,일반명사,1
대의,일반명사,1
가족,일반명사,1
몰락,일반명사,1
상실,일반명사,1
제때,일반명사,1
탐독,일반명사,1
카타르시스,일반명사,1
돌려놓,동사,1
패배,일반명사,1
파멸,일반명사,1
예정,일반명사,1
르네상스,일반명사,1
베끼,동사,1
화폭,일반명사,1
재현,일반명사,1
사실주의,일반명사,1
테두리,일반명사,1
재단,일반명사,1
길들이,동사,1
접어들,동사,1
녹아내리,동사,1
클로드,고유명사,1
모네,고유명사,1
강가,일반명사,1
노을,일반명사,1
돌덩어리,일반명사,1
인상,일반명사,1
파블로,고유명사,1
피카소,고유명사,1
옆모습,일반명사,1
앞모습,일반명사,1
만돌린과,고유명사,1
악보,일반명사,1
부서지,동사,1
게으르,형용사,1
입체파,고유명사,1
한순간,일반명사,1
한국,고유명사,1
미학,일반명사,1
붓,일반명사,1
거닐,동사,1
산길,일반명사,1
한눈,일반명사,1
환기,일반명사,1
퉁기,동사,1
흥미,일반명사,1
기분,일반명사,1
변덕,일반명사,1
정수비,일반명사,1
마루,일반명사,1
골,일반명사,1
5도,일반명사,1
동양,일반명사,1
대나무,일반명사,1
관,일반명사,1
삼분손일법,일반명사,1
콤마,고유명사,1
반음,고유명사,1
불협화음,일반명사,1
띄,동사,1
평균율,고유명사,1
순도,일반명사,1
요한,고유명사,1
제바스티안,고유명사,1
바흐,고유명사,1
평균율 클라비어,고유명사,1
타협,일반명사,1
물결치,동사,1
맥놀이,고유명사,1
국립,일반명사,1
경주,고유명사,1
에밀레종,고유명사,1
녹음,일반명사,1
스피커,일반명사,1
몸체,일반명사,1
멎,동사,1
분배,일반명사,1
떠맡,동사,1
장식,일반명사,1
여행,일반명사,1
돌기둥,일반명사,1
궁궐,일반명사,1
전주,일반명사,1
내려앉,동사,1
골목,일반명사,1
응력,고유명사,1
늘어뜨리,동사,1
콘크리트,일반명사,1
얹히,동사,1
짓눌리,동사,1
빨리,동사,1
오쿨루스,고유명사,1
정수리,일반명사,1
목,일반명사,1
해방감,일반명사,1
반원,일반명사,1
공중부벽,일반명사,1
해방,일반명사,1
창,일반명사,1
스테인드글라스,일반명사,1
어깨,일반명사,1
매,일반명사,1
냄새,일반명사,1
대,동사,1
켜,동사,1
부석사,고유명사,1
무량수전,고유명사,1
배흘림기둥,일반명사,1
배흘림,일반명사,1
교정,일반명사,1
떠받치,동사,1
기대,동사,1
흘려보내,동사,1
석조,일반명사,1
열기,일반명사,1
막,동사,1
툇마루,일반명사,1
한지,일반명사,1
꽂히,동사,1
땀,일반명사,1
식히,동사,1
햇살,일반명사,1
물성,일반명사,1
잊히,동사,1
한구석,일반명사,1
문맥,일반명사,1
운반,일반명사,1
비약,일반명사,1
배반,일반명사,1
시조,일반명사,1
칠언,일반명사,1
절구,일반명사,1
소네트,일반명사,1
하이쿠,고유명사,1
음절,일반명사,1
정형시,일반명사,1
선택지,일반명사,1
벼리,동사,1
강남봉이구년,고유명사,1
음악가,일반명사,1
연주,일반명사,1
제국,일반명사,1
병들,동사,1
정시강남호풍경,고유명사,1
낙화시절우봉군,고유명사,1
슬프,형용사,1
건조,일반명사,1
반평생,일반명사,1
윤동주,고유명사,1
우러르,동사,1
부끄럼,일반명사,1
군더더기,일반명사,1
노이즈,일반명사,1
돌아보,동사,1
마당,일반명사,1
벙어리,일반명사,1
장갑,일반명사,1
사냥,일반명사,1
오리온,고유명사,1
몽둥이,일반명사,1
치켜들,동사,1
알데바란이,일반명사,1
타,동사,1
플레아데스,고유명사,1
영웅,일반명사,1
요정,일반명사,1
얼어붙,동사,1
추위,일반명사,1
가로놓이,동사,1
군집,일반명사,1
충만,일반명사,1
탐사선,일반명사,1
프랭크 드레이크,고유명사,1
식,일반명사,1
거느리,동사,1
출현,일반명사,1
페르미,고유명사,1
앞서가,동사,1
낭만,일반명사,1
알데바란의,고유명사,1
특성,일반명사,1
플레아데스,일반명사,1
산란,일반명사,1
알데바란,고유명사,1
벗겨지,동사,1
빚어지,동사,1
등줄기,일반명사,1
연필심,일반명사,1
영국,고유명사,1
고뇌,일반명사,1
반도체,일반명사,1
수분,일반명사,1
슬퍼하,동사,1
자동차,일반명사,1
엔진,일반명사,1
외로움,일반명사,1
낱개,일반명사,1
요소,일반명사,1
도움,일반명사,1
생체,일반명사,1
명분,일반명사,1
자문,일반명사,1
호기심,일반명사,1
경외감,일반명사,1
감동,일반명사,1
소화,일반명사,1
어기,동사,1
건너오,동사,1
지층,일반명사,1
묘지,일반명사,1
줌,일반명사,1
삼엽충,일반명사,1
암모나이트,고유명사,1
공룡,일반명사,1
비옥,일반명사,1
멸종,일반명사,1
위기,일반명사,1
꺼지,동사,1
화산재,일반명사,1
덮,동사,1
운석,일반명사,1
끈질기,형용사,1
경이,일반명사,1
독특,일반명사,1
노폐물,일반명사,1
권유,일반명사,1
감상,일반명사,1
구호,일반명사,1
그물망,일반명사,1
이산화탄소,일반명사,1
나르,동사,1
도미노,일반명사,1
바깥세상,일반명사,1
늦,형용사,1
냇가,일반명사,1
들추,동사,1
가재,일반명사,1
벌레,일반명사,1
소우주,일반명사,1
방비,일반명사,1
노출,일반명사,1
비결,일반명사,1
